#Index 1	Index 2	Number of read pairs	Percentage out of all read pairs
GTAGCGTA	GTAGCGTA	5774439	1.5896740269392924
CGATCGAT	CGATCGAT	4237854	1.1666599012927121
GATCAAGG	GATCAAGG	4628196	1.2741190915315455
AACAGCGA	AACAGCGA	6368144	1.753118028714009
TAGCCATG	TAGCCATG	7148153	1.9678505850850938
CGGTAATC	CGGTAATC	2393021	0.65878665089722
CTCTGGAT	CTCTGGAT	24515042	6.748867818454032
TACCGGAT	TACCGGAT	49686878	13.678547723216287
CTAGCTCA	CTAGCTCA	13034311	3.588280291080937
CACTTCAC	CACTTCAC	2577666	0.709618491133857
GCTACTCT	GCTACTCT	4301318	1.1841312214409856
ACGATCAG	ACGATCAG	5933528	1.6334704288532698
TATGGCAC	TATGGCAC	7651472	2.106411775456151
TGTTCCGT	TGTTCCGT	11450554	3.152279950981528
GTCCTAAG	GTCCTAAG	6200133	1.7068654450534841
TCGACAAG	TCGACAAG	2644260	0.7279514845467228
TCTTCGAC	TCTTCGAC	30089661	8.283532403945765
ATCATGCG	ATCATGCG	6927867	1.9072069567259842
ATCGTGGT	ATCGTGGT	4730009	1.3021476985883988
TCGAGAGT	TCGAGAGT	7448072	2.050416778006277
TCGGATTC	TCGGATTC	2874320	0.7912858459691317
GATCTTGC	GATCTTGC	2636332	0.7257689460030522
AGAGTCCA	AGAGTCCA	7602663	2.0929749031329905
AGGATAGC	AGGATAGC	5861709	1.6136990192079772
GTAGCGTA	CGATCGAT	157	4.322131071597932e-05
GTAGCGTA	GATCAAGG	178	4.900250514295745e-05
GTAGCGTA	AACAGCGA	340	9.360029072250298e-05
GTAGCGTA	TAGCCATG	206	5.671076437892828e-05
GTAGCGTA	CGGTAATC	112	3.083303694388334e-05
GTAGCGTA	CTCTGGAT	867	0.00023868074134238262
GTAGCGTA	TACCGGAT	1599	0.00044019666136847725
GTAGCGTA	CTAGCTCA	905	0.00024914195030548587
GTAGCGTA	CACTTCAC	96	2.642831738047143e-05
GTAGCGTA	GCTACTCT	1222	0.00033641045665558426
GTAGCGTA	ACGATCAG	547	0.0001505863500741445
GTAGCGTA	TATGGCAC	282	7.763318230513482e-05
GTAGCGTA	TGTTCCGT	433	0.00011920272318483468
GTAGCGTA	GTCCTAAG	288	7.928495214141429e-05
GTAGCGTA	TCGACAAG	83	2.2849482735199258e-05
GTAGCGTA	TCTTCGAC	960	0.0002642831738047143
GTAGCGTA	ATCATGCG	248	6.827315323288453e-05
GTAGCGTA	ATCGTGGT	221	6.084018896962694e-05
GTAGCGTA	TCGAGAGT	530	0.00014590633553801936
GTAGCGTA	TCGGATTC	102	2.8080087216750896e-05
GTAGCGTA	GATCTTGC	119	3.276010175287605e-05
GTAGCGTA	AGAGTCCA	835	0.0002298713022155588
GTAGCGTA	AGGATAGC	513	0.00014122632100189422
CGATCGAT	GATCAAGG	133	3.661423137086146e-05
CGATCGAT	AACAGCGA	226	6.221666383319316e-05
CGATCGAT	TAGCCATG	169	4.652485038853825e-05
CGATCGAT	CGGTAATC	164	4.514837552497203e-05
CGATCGAT	CTCTGGAT	1408	0.00038761532158024763
CGATCGAT	TACCGGAT	1847	0.0005084698146013618
CGATCGAT	CTAGCTCA	388	0.0001068144494127387
CGATCGAT	CACTTCAC	124	3.413657661644226e-05
CGATCGAT	GCTACTCT	176	4.8451915197530953e-05
CGATCGAT	ACGATCAG	292	8.038613203226727e-05
CGATCGAT	TATGGCAC	205	5.643546940621503e-05
CGATCGAT	TGTTCCGT	483	0.00013296747182049687
CGATCGAT	GTCCTAAG	200	5.505899454264881e-05
CGATCGAT	TCGACAAG	92	2.5327137489618455e-05
CGATCGAT	TCTTCGAC	1049	0.000288784426376193
CGATCGAT	ATCATGCG	181	4.9828390061097176e-05
CGATCGAT	ATCGTGGT	161	4.432249060683229e-05
CGATCGAT	TCGAGAGT	271	7.460493760528914e-05
CGATCGAT	TCGGATTC	188	5.1755454870089886e-05
CGATCGAT	GATCTTGC	166	4.5698965470398516e-05
CGATCGAT	AGAGTCCA	223	6.139077891505342e-05
CGATCGAT	AGGATAGC	272	7.488023257800239e-05
GATCAAGG	AACAGCGA	205	5.643546940621503e-05
GATCAAGG	TAGCCATG	244	6.717197334203155e-05
GATCAAGG	CGGTAATC	82	2.2574187762486014e-05
GATCAAGG	CTCTGGAT	581	0.0001599463791463948
GATCAAGG	TACCGGAT	1319	0.0003631140690087689
GATCAAGG	CTAGCTCA	298	8.203790186854674e-05
GATCAAGG	CACTTCAC	63	1.7343583280934375e-05
GATCAAGG	GCTACTCT	148	4.074365596156012e-05
GATCAAGG	ACGATCAG	351	9.662853542234867e-05
GATCAAGG	TATGGCAC	209	5.753664929706801e-05
GATCAAGG	TGTTCCGT	273	7.515552755071563e-05
GATCAAGG	GTCCTAAG	313	8.61673264592454e-05
GATCAAGG	TCGACAAG	103	2.835538218946414e-05
GATCAAGG	TCTTCGAC	9785	0.002693761307999093
GATCAAGG	ATCATGCG	298	8.203790186854674e-05
GATCAAGG	ATCGTGGT	563	0.0001549910696375564
GATCAAGG	TCGAGAGT	189	5.2030749842803126e-05
GATCAAGG	TCGGATTC	80	2.2023597817059526e-05
GATCAAGG	GATCTTGC	133	3.661423137086146e-05
GATCAAGG	AGAGTCCA	148	4.074365596156012e-05
GATCAAGG	AGGATAGC	150	4.129424590698661e-05
AACAGCGA	TAGCCATG	213	5.863782918792099e-05
AACAGCGA	CGGTAATC	99	2.7254202298611162e-05
AACAGCGA	CTCTGGAT	912	0.0002510690151144786
AACAGCGA	TACCGGAT	1768	0.0004867215117570155
AACAGCGA	CTAGCTCA	493	0.00013572042154762933
AACAGCGA	CACTTCAC	88	2.4225957598765477e-05
AACAGCGA	GCTACTCT	193	5.313192973365611e-05
AACAGCGA	ACGATCAG	309	8.506614656839242e-05
AACAGCGA	TATGGCAC	493	0.00013572042154762933
AACAGCGA	TGTTCCGT	646	0.00017784055237275568
AACAGCGA	GTCCTAAG	318	8.754380132281161e-05
AACAGCGA	TCGACAAG	87	2.3950662626052233e-05
AACAGCGA	TCTTCGAC	1335	0.0003675187885721808
AACAGCGA	ATCATGCG	437	0.00012030390307568765
AACAGCGA	ATCGTGGT	255	7.020021804187724e-05
AACAGCGA	TCGAGAGT	289	7.956024711412753e-05
AACAGCGA	TCGGATTC	695	0.00019133000603570462
AACAGCGA	GATCTTGC	421	0.00011589918351227575
AACAGCGA	AGAGTCCA	419	0.00011534859356684927
AACAGCGA	AGGATAGC	326	8.974616110451756e-05
TAGCCATG	CGGTAATC	183	5.037898000652366e-05
TAGCCATG	CTCTGGAT	948	0.00026097963413215537
TAGCCATG	TACCGGAT	2664	0.0007333858073080822
TAGCCATG	CTAGCTCA	529	0.00014563104056530612
TAGCCATG	CACTTCAC	2033	0.0005596746795260252
TAGCCATG	GCTACTCT	148	4.074365596156012e-05
TAGCCATG	ACGATCAG	379	0.0001043367946583195
TAGCCATG	TATGGCAC	387	0.00010653915444002546
TAGCCATG	TGTTCCGT	415	0.0001142474136759963
TAGCCATG	GTCCTAAG	355	9.772971531320164e-05
TAGCCATG	TCGACAAG	196	5.3957814651795836e-05
TAGCCATG	TCTTCGAC	1123	0.0003091562543569731
TAGCCATG	ATCATGCG	518	0.00014260279586546042
TAGCCATG	ATCGTGGT	174	4.7901325252104466e-05
TAGCCATG	TCGAGAGT	273	7.515552755071563e-05
TAGCCATG	TCGGATTC	117	3.220951180744955e-05
TAGCCATG	GATCTTGC	104	2.8630677162177384e-05
TAGCCATG	AGAGTCCA	277	7.62567074415686e-05
TAGCCATG	AGGATAGC	209	5.753664929706801e-05
CGGTAATC	CTCTGGAT	616	0.00016958170319135836
CGGTAATC	TACCGGAT	5140	0.0014150161597460745
CGGTAATC	CTAGCTCA	257	7.075080798730373e-05
CGGTAATC	CACTTCAC	154	4.239542579783959e-05
CGGTAATC	GCTACTCT	81	2.229889278977277e-05
CGGTAATC	ACGATCAG	134	3.688952634357471e-05
CGGTAATC	TATGGCAC	216	5.946371410606072e-05
CGGTAATC	TGTTCCGT	167	4.597426044311176e-05
CGGTAATC	GTCCTAAG	102	2.8080087216750896e-05
CGGTAATC	TCGACAAG	43	1.1837683826669495e-05
CGGTAATC	TCTTCGAC	944	0.0002598784542413024
CGGTAATC	ATCATGCG	124	3.413657661644226e-05
CGGTAATC	ATCGTGGT	222	6.111548394234018e-05
CGGTAATC	TCGAGAGT	155	4.267072077055283e-05
CGGTAATC	TCGGATTC	109	3.0007152025743603e-05
CGGTAATC	GATCTTGC	86	2.367536765333899e-05
CGGTAATC	AGAGTCCA	105	2.8905972134890628e-05
CGGTAATC	AGGATAGC	161	4.432249060683229e-05
CTCTGGAT	TACCGGAT	11072	0.0030480659378810384
CTCTGGAT	CTAGCTCA	3252	0.0008952592512634697
CTCTGGAT	CACTTCAC	544	0.00014976046515600478
CTCTGGAT	GCTACTCT	1895	0.0005216839732915975
CTCTGGAT	ACGATCAG	915	0.0002518949000326183
CTCTGGAT	TATGGCAC	1431	0.00039394710595265227
CTCTGGAT	TGTTCCGT	1937	0.0005332463621455538
CTCTGGAT	GTCCTAAG	900	0.00024776547544191966
CTCTGGAT	TCGACAAG	424	0.00011672506843041549
CTCTGGAT	TCTTCGAC	5114	0.0014078584904555303
CTCTGGAT	ATCATGCG	1026	0.00028245264200378844
CTCTGGAT	ATCGTGGT	870	0.00023950662626052234
CTCTGGAT	TCGAGAGT	1885	0.0005189310235644651
CTCTGGAT	TCGGATTC	630	0.00017343583280934375
CTCTGGAT	GATCTTGC	457	0.00012580980252995254
CTCTGGAT	AGAGTCCA	1318	0.00036283877403605567
CTCTGGAT	AGGATAGC	761	0.00020949947423477873
TACCGGAT	CTAGCTCA	3763	0.0010359349823199375
TACCGGAT	CACTTCAC	932	0.00025657491456874346
TACCGGAT	GCTACTCT	1411	0.0003884412064983874
TACCGGAT	ACGATCAG	1852	0.000509846289464928
TACCGGAT	TATGGCAC	3679	0.0010128102046120249
TACCGGAT	TGTTCCGT	4254	0.0011711048139221403
TACCGGAT	GTCCTAAG	1764	0.00048562033186616256
TACCGGAT	TCGACAAG	767	0.0002111512440710582
TACCGGAT	TCTTCGAC	9696	0.0026692600554276144
TACCGGAT	ATCATGCG	1813	0.0004991097855291115
TACCGGAT	ATCGTGGT	1715	0.00047213087820321357
TACCGGAT	TCGAGAGT	2972	0.0008181766589037614
TACCGGAT	TCGGATTC	1036	0.00028520559173092085
TACCGGAT	GATCTTGC	830	0.0002284948273519926
TACCGGAT	AGAGTCCA	1997	0.0005497640605083484
TACCGGAT	AGGATAGC	1643	0.00045230964016786
CTAGCTCA	CACTTCAC	238	6.55202035057521e-05
CTAGCTCA	GCTACTCT	1193	0.0003284269024469002
CTAGCTCA	ACGATCAG	543	0.00014948517018329154
CTAGCTCA	TATGGCAC	626	0.0001723346529184908
CTAGCTCA	TGTTCCGT	753	0.00020729711445307278
CTAGCTCA	GTCCTAAG	420	0.00011562388853956251
CTAGCTCA	TCGACAAG	8746	0.0024077298313500326
CTAGCTCA	TCTTCGAC	2035	0.0005602252694714517
CTAGCTCA	ATCATGCG	1347	0.00037082232824473975
CTAGCTCA	ATCGTGGT	379	0.0001043367946583195
CTAGCTCA	TCGAGAGT	832	0.00022904541729741907
CTAGCTCA	TCGGATTC	282	7.763318230513482e-05
CTAGCTCA	GATCTTGC	236	6.49696135603256e-05
CTAGCTCA	AGAGTCCA	859	0.00023647838156067664
CTAGCTCA	AGGATAGC	394	0.00010846621924901817
CACTTCAC	GCTACTCT	56	1.541651847194167e-05
CACTTCAC	ACGATCAG	241	6.634608842389182e-05
CACTTCAC	TATGGCAC	367	0.00010103325498576058
CACTTCAC	TGTTCCGT	227	6.249195880590641e-05
CACTTCAC	GTCCTAAG	83	2.2849482735199258e-05
CACTTCAC	TCGACAAG	40	1.1011798908529763e-05
CACTTCAC	TCTTCGAC	777	0.00021390419379819063
CACTTCAC	ATCATGCG	127	3.4962461534582e-05
CACTTCAC	ATCGTGGT	69	1.899535311721384e-05
CACTTCAC	TCGAGAGT	103	2.835538218946414e-05
CACTTCAC	TCGGATTC	118	3.24848067801628e-05
CACTTCAC	GATCTTGC	78	2.147300787163304e-05
CACTTCAC	AGAGTCCA	109	3.0007152025743603e-05
CACTTCAC	AGGATAGC	217	5.9739009078773966e-05
GCTACTCT	ACGATCAG	277	7.62567074415686e-05
GCTACTCT	TATGGCAC	227	6.249195880590641e-05
GCTACTCT	TGTTCCGT	406	0.00011176975892157709
GCTACTCT	GTCCTAAG	194	5.340722470636935e-05
GCTACTCT	TCGACAAG	66	1.816946819907411e-05
GCTACTCT	TCTTCGAC	851	0.0002342760217789707
GCTACTCT	ATCATGCG	236	6.49696135603256e-05
GCTACTCT	ATCGTGGT	155	4.267072077055283e-05
GCTACTCT	TCGAGAGT	426	0.00011727565837584198
GCTACTCT	TCGGATTC	86	2.367536765333899e-05
GCTACTCT	GATCTTGC	126	3.468716656186875e-05
GCTACTCT	AGAGTCCA	326	8.974616110451756e-05
GCTACTCT	AGGATAGC	235	6.469431858761236e-05
ACGATCAG	TATGGCAC	387	0.00010653915444002546
ACGATCAG	TGTTCCGT	427	0.00011755095334855522
ACGATCAG	GTCCTAAG	343	9.442617564064272e-05
ACGATCAG	TCGACAAG	264	7.267787279629644e-05
ACGATCAG	TCTTCGAC	1164	0.0003204433482382161
ACGATCAG	ATCATGCG	547	0.0001505863500741445
ACGATCAG	ATCGTGGT	242	6.662138339660507e-05
ACGATCAG	TCGAGAGT	480	0.00013214158690235715
ACGATCAG	TCGGATTC	139	3.826600120714092e-05
ACGATCAG	GATCTTGC	121	3.3310691698302535e-05
ACGATCAG	AGAGTCCA	437	0.00012030390307568765
ACGATCAG	AGGATAGC	359	9.883089520405462e-05
TATGGCAC	TGTTCCGT	117310	0.03229485324899066
TATGGCAC	GTCCTAAG	4881	0.0013437147618133444
TATGGCAC	TCGACAAG	153	4.212013082512634e-05
TATGGCAC	TCTTCGAC	3083	0.0008487344008749314
TATGGCAC	ATCATGCG	593	0.00016324991881895372
TATGGCAC	ATCGTGGT	264	7.267787279629644e-05
TATGGCAC	TCGAGAGT	618	0.00017013229313678484
TATGGCAC	TCGGATTC	710	0.00019545943062640328
TATGGCAC	GATCTTGC	275	7.570611749614213e-05
TATGGCAC	AGAGTCCA	347	9.552735553149569e-05
TATGGCAC	AGGATAGC	465	0.0001280121623116585
TGTTCCGT	GTCCTAAG	612	0.00016848052330050537
TGTTCCGT	TCGACAAG	176	4.8451915197530953e-05
TGTTCCGT	TCTTCGAC	2375	0.0006538255601939546
TGTTCCGT	ATCATGCG	568	0.00015636754450112263
TGTTCCGT	ATCGTGGT	353	9.717912536777516e-05
TGTTCCGT	TCGAGAGT	792	0.0002180336183888893
TGTTCCGT	TCGGATTC	579	0.0001593957892009683
TGTTCCGT	GATCTTGC	247	6.799785826017129e-05
TGTTCCGT	AGAGTCCA	625	0.00017205935794577755
TGTTCCGT	AGGATAGC	405	0.00011149446394886385
GTCCTAAG	TCGACAAG	191	5.258133978822962e-05
GTCCTAAG	TCTTCGAC	975	0.00026841259839541296
GTCCTAAG	ATCATGCG	406	0.00011176975892157709
GTCCTAAG	ATCGTGGT	139	3.826600120714092e-05
GTCCTAAG	TCGAGAGT	279	7.68072973869951e-05
GTCCTAAG	TCGGATTC	189	5.2030749842803126e-05
GTCCTAAG	GATCTTGC	152	4.1844835852413096e-05
GTCCTAAG	AGAGTCCA	225	6.194136886047992e-05
GTCCTAAG	AGGATAGC	186	5.12048649246634e-05
TCGACAAG	TCTTCGAC	587	0.00016159814898267428
TCGACAAG	ATCATGCG	5978	0.001645713346879773
TCGACAAG	ATCGTGGT	84	2.31247777079125e-05
TCGACAAG	TCGAGAGT	214	5.891312416063423e-05
TCGACAAG	TCGGATTC	63	1.7343583280934375e-05
TCGACAAG	GATCTTGC	42	1.156238885395625e-05
TCGACAAG	AGAGTCCA	96	2.642831738047143e-05
TCGACAAG	AGGATAGC	115	3.1658921862023066e-05
TCTTCGAC	ATCATGCG	1240	0.00034136576616442264
TCTTCGAC	ATCGTGGT	3657	0.0010067537152123336
TCTTCGAC	TCGAGAGT	1794	0.0004938791810475599
TCTTCGAC	TCGGATTC	1029	0.00028327852692192816
TCTTCGAC	GATCTTGC	789	0.00021720773347074957
TCTTCGAC	AGAGTCCA	1094	0.000301172700148289
TCTTCGAC	AGGATAGC	1485	0.00040881303447916746
ATCATGCG	ATCGTGGT	293	8.06614270049805e-05
ATCATGCG	TCGAGAGT	318	8.754380132281161e-05
ATCATGCG	TCGGATTC	136	3.7440116289001195e-05
ATCATGCG	GATCTTGC	192	5.285663476094286e-05
ATCATGCG	AGAGTCCA	373	0.00010268502482204004
ATCATGCG	AGGATAGC	433	0.00011920272318483468
ATCGTGGT	TCGAGAGT	404	0.00011121916897615061
ATCGTGGT	TCGGATTC	96	2.642831738047143e-05
ATCGTGGT	GATCTTGC	85	2.3400072680625745e-05
ATCGTGGT	AGAGTCCA	251	6.909903815102426e-05
ATCGTGGT	AGGATAGC	188	5.1755454870089886e-05
TCGAGAGT	TCGGATTC	225	6.194136886047992e-05
TCGAGAGT	GATCTTGC	135	3.716482131628795e-05
TCGAGAGT	AGAGTCCA	640	0.0001761887825364762
TCGAGAGT	AGGATAGC	344	9.470147061335596e-05
TCGGATTC	GATCTTGC	171	4.707544033396474e-05
TCGGATTC	AGAGTCCA	146	4.019306601613363e-05
TCGGATTC	AGGATAGC	193	5.313192973365611e-05
GATCTTGC	AGAGTCCA	142	3.909188612528066e-05
GATCTTGC	AGGATAGC	429	0.0001181015432939817
AGAGTCCA	AGGATAGC	330	9.084734099537054e-05
